sf,q1,q2,q3
sf1,33.16393423080444,35.27084398269653,48.04429888725281
sf1,33.6501247882843,29.2226505279541,46.41994619369507
sf10,0,0,0
sf10,0,0,0
sf,q1,q2,q3
sf1,35.81577777862549,12.807946681976318,33.30948781967163
sf1,24.071369171142578,10.912121534347534,29.536067247390747
sf10,0,0,0
sf10,0,0,0
