sf,q1,q2,q3
sf1,27.608775854110718,8.686915874481201,12.186800956726074
sf1,24.409990072250366,5.73871374130249,10.30162763595581
sf10,228.80984950065613,21.223440170288086,0
sf10,232.08319854736328,20.616870641708374,0
